State,STUSPS,Total_2023_Pilots,Total_2023_Student_Pilot_Cert,Total_2023_Private_Pilot_Cert,Total_2023_Commcercial_Pilot_Cert,Total_2023_Airline_Transport_Pilot_Cert,Total_2023_Flight_Instructor_Cert,2023_Male_Pilots,2023_Male_Student_Pilot_Cert,2023_Male_Private_Pilot_Cert,2023_Male_Commcercial_Pilot_Cert,2023_Male_Airline_Transport_Pilot_Cert,2023_Male_Flight_Instructor_Cert,2023_Women_Total_Pilots,2023_Women_Student_Pilot,2023_Women_Private_Pilot,2023_Women_Commercial_Pilot,2023_Women_Airline_Transport_Pilot,2023_Women_Flight_Instructor,Total_2022_Pilots,Total_2022_Student_Pilot_Cert,Total_2022_Private_Pilot_Cert,Total_2022_Commcercial_Pilot_Cert,Total_2022_Airline_Transport_Pilot_Cert,Total_2022_Flight_Instructor_Cert,2022_Male_Pilots,2022_Male_Student_Pilot_Cert,2022_Male_Private_Pilot_Cert,2022_Male_Commcercial_Pilot_Cert,2022_Male_Airline_Transport_Pilot_Cert,2022_Male_Flight_Instructor_Cert,2022_Women_Total_Pilots,2022_Women_Student_Pilot,2022_Women_Private_Pilot,2022_Women_Commercial_Pilot,2022_Women_Airline_Transport_Pilot,2022_Women_Flight_Instructor,Total_2021_Pilots,Total_2021_Student_Pilot_Cert,Total_2021_Private_Pilot_Cert,Total_2021_Commcercial_Pilot_Cert,Total_2021_Airline_Transport_Pilot_Cert,Total_2021_Flight_Instructor_Cert,2021_Male_Pilots,2021_Male_Student_Pilot_Cert,2021_Male_Private_Pilot_Cert,2021_Male_Commcercial_Pilot_Cert,2021_Male_Airline_Transport_Pilot_Cert,2021_Male_Flight_Instructor_Cert,2021_Women_Total_Pilots,2021_Women_Student_Pilot,2021_Women_Private_Pilot,2021_Women_Commercial_Pilot,2021_Women_Airline_Transport_Pilot,2021_Women_Flight_Instructor,Total_2020_Pilots,Total_2020_Student_Pilot_Cert,Total_2020_Private_Pilot_Cert,Total_2020_Commcercial_Pilot_Cert,Total_2020_Airline_Transport_Pilot_Cert,Total_2020_Flight_Instructor_Cert,2020_Male_Pilots,2020_Male_Student_Pilot_Cert,2020_Male_Private_Pilot_Cert,2020_Male_Commcercial_Pilot_Cert,2020_Male_Airline_Transport_Pilot_Cert,2020_Male_Flight_Instructor_Cert,2020_Women_Total_Pilots,2020_Women_Student_Pilot,2020_Women_Private_Pilot,2020_Women_Commercial_Pilot,2020_Women_Airline_Transport_Pilot,2020_Women_Flight_Instructor,Total_2019_Pilots,Total_2019_Student_Pilot_Cert,Total_2019_Private_Pilot_Cert,Total_2019_Commcercial_Pilot_Cert,Total_2019_Airline_Transport_Pilot_Cert,Total_2019_Flight_Instructor_Cert,2019_Male_Pilots,2019_Male_Student_Pilot_Cert,2019_Male_Private_Pilot_Cert,2019_Male_Commcercial_Pilot_Cert,2019_Male_Airline_Transport_Pilot_Cert,2019_Male_Flight_Instructor_Cert,2019_Women_Total_Pilots,2019_Women_Student_Pilot,2019_Women_Private_Pilot,2019_Women_Commercial_Pilot,2019_Women_Airline_Transport_Pilot,2019_Women_Flight_Instructor,Total_2018_Pilots,Total_2018_Student_Pilot_Cert,Total_2018_Private_Pilot_Cert,Total_2018_Commcercial_Pilot_Cert,Total_2018_Airline_Transport_Pilot_Cert,Total_2018_Flight_Instructor_Cert,2018_Male_Pilots,2018_Male_Student_Pilot_Cert,2018_Male_Private_Pilot_Cert,2018_Male_Commcercial_Pilot_Cert,2018_Male_Airline_Transport_Pilot_Cert,2018_Male_Flight_Instructor_Cert,2018_Women_Total_Pilots,2018_Women_Student_Pilot,2018_Women_Private_Pilot,2018_Women_Commercial_Pilot,2018_Women_Airline_Transport_Pilot,2018_Women_Flight_Instructor
Alabama,AL,9934,3111,2619,1774,2430,1636,8564,2395,2309,1606,2254,1456,1370,716,310,168,176,180,9396,2706,2617,1741,2332,1609,8166,2082,2333,1588,2163,1438,1230,624,284,153,169,171,9096,2465,2667,1686,2278,1565,7996,1940,2390,1547,2119,1419,1100,525,277,139,159,146,8738,2239,2575,1666,2258,1511,7729,1780,2315,1532,2102,1380,1009,459,260,134,156,131,8526,1986,2589,1679,2272,1464,7596,1578,2338,1562,2118,1339,930,408,251,117,154,125,8243,1748,2612,1635,2248,1449,7399,1381,2387,1530,2101,1321,844,367,225,105,147,128
Alaska,AK,6366,2573,1963,985,845,927,5824,2232,1851,927,814,871,542,341,112,58,31,56,9455,3682,2197,1986,1590,1734,8673,3170,2060,1899,1544,1660,782,512,137,87,46,74,8884,3241,2159,1957,1527,1732,8210,2809,2037,1875,1489,1661,674,432,122,82,38,71,8477,2863,2100,1966,1548,1728,7894,2506,1986,1891,1511,1669,583,357,114,75,37,59,7989,2417,2068,1959,1545,1670,7484,2118,1967,1888,1511,1611,505,299,101,71,34,59,7624,2004,2092,1998,1530,1634,7207,1773,2007,1932,1495,1587,417,231,85,66,35,47
Arizona,AZ,8501,3249,2476,1339,1437,1427,7743,2758,2327,1272,1386,1339,758,491,149,67,51,88,26116,9216,5345,5495,6060,5147,23638,7929,4878,5072,5759,4674,2478,1287,467,423,301,473,25032,7955,5217,5793,6067,4996,22877,6869,4835,5398,5775,4577,2155,1086,382,395,292,419,23982,6826,5423,5771,5962,4796,22072,5943,4997,5451,5681,4415,1910,883,426,320,281,381,22605,6282,5279,5086,5958,4510,20934,5517,4925,4807,5685,4162,1671,765,354,279,273,348,20338,5008,5066,4437,5827,4197,18900,4400,4738,4187,5575,3880,1438,608,328,250,252,317
Arkansas,AR,8599,3395,1829,1091,2284,1433,7784,2896,1694,1016,2178,1335,815,499,135,75,106,98,6778,2920,1714,1132,1012,879,6232,2535,1614,1096,987,837,546,385,100,36,25,42,6436,2617,1710,1115,994,895,5937,2272,1619,1078,968,853,499,345,91,37,26,42,6063,2289,1725,1076,973,854,5639,2004,1635,1051,949,816,424,285,90,25,24,38,5690,1977,1660,1076,977,826,5326,1747,1581,1046,952,794,364,230,79,30,25,32,5357,1625,1653,1097,982,796,5051,1448,1580,1069,954,764,306,177,73,28,28,32
California,CA,12422,5242,3138,1873,2169,1888,11177,4433,2916,1733,2095,1757,1245,809,222,140,74,131,71222,28278,19887,10963,12094,10476,63549,23764,18373,10053,11359,9439,7673,4514,1514,910,735,1037,68291,25562,19641,11077,12011,10353,61221,21488,18218,10199,11316,9365,7070,4074,1423,878,695,988,65982,22911,19739,11099,12233,10181,59513,19365,18352,10265,11531,9254,6469,3546,1387,834,702,927,63782,20449,20019,10753,12561,10001,57883,17366,18679,10003,11835,9140,5899,3083,1340,750,726,861,61261,17395,20524,10685,12657,9764,55924,14854,19179,9943,11948,8942,5337,2541,1345,742,709,822
Colorado,CO,4597,1946,1241,713,697,659,4201,1669,1176,675,681,615,396,277,65,38,16,44,22984,7360,5172,3467,6985,4611,20386,6053,4709,3147,6477,4148,2598,1307,463,320,508,463,21840,6669,4946,3342,6883,4405,19480,5522,4529,3025,6404,3978,2360,1147,417,317,479,427,20821,5926,4791,3231,6873,4219,18679,4928,4404,2937,6410,3828,2142,998,387,294,463,391,19801,5222,4612,3136,6831,4072,17862,4357,4254,2878,6373,3727,1939,865,358,258,458,345,18741,4359,4689,3114,6579,3936,17042,3651,4356,2889,6146,3614,1699,708,333,225,433,322
Connecticut,CT,18953,7202,3887,2772,5092,3392,17117,6071,3599,2585,4862,3151,1836,1131,288,187,230,241,5343,1844,1409,762,1328,917,4893,1586,1321,721,1265,844,450,258,88,41,63,73,5094,1664,1395,737,1298,882,4687,1438,1319,692,1238,812,407,226,76,45,60,70,4915,1456,1401,729,1329,860,4550,1262,1326,687,1275,798,365,194,75,42,54,62,4818,1271,1453,739,1355,859,4475,1102,1376,697,1300,792,343,169,77,42,55,67,4840,1107,1579,742,1412,878,4534,968,1502,701,1363,812,306,139,77,41,49,66
Delaware,DE,5650,2064,1469,775,1342,930,5134,1767,1366,725,1276,860,516,297,103,50,66,70,1620,620,334,217,449,294,1466,528,312,201,425,271,154,92,22,16,24,23,1538,556,330,215,437,277,1399,472,309,203,415,256,139,84,21,12,22,21,1480,485,342,213,440,280,1348,406,320,202,420,260,132,79,22,11,20,20,1457,434,348,221,454,278,1332,362,328,210,432,260,125,72,20,11,22,18,1385,365,368,223,429,272,1279,304,349,216,410,259,106,61,19,7,19,13
District_of_Columbia,DC,1731,706,334,222,469,308,1563,604,306,210,443,285,168,102,28,12,26,23,786,339,211,83,153,111,693,273,197,76,147,102,93,66,14,7,6,9,732,298,208,85,141,103,651,240,194,81,136,96,81,58,14,4,5,7,681,271,194,76,140,108,608,217,185,72,134,98,73,54,9,4,6,10,651,244,195,71,141,106,579,193,186,66,134,94,72,51,9,5,7,12,640,214,209,85,132,109,573,175,194,77,127,98,67,39,15,8,5,11
Florida,FL,869,382,226,90,171,124,760,304,212,78,166,112,109,78,14,12,5,12,78764,29293,14665,12847,21959,13885,70920,24738,13469,11750,20963,12734,7844,4555,1196,1097,996,1151,74935,26531,14388,12841,21175,13299,67881,22539,13264,11819,20259,12251,7054,3992,1124,1022,916,1048,71895,24357,14401,12565,20572,12710,65454,20745,13338,11650,19721,11758,6441,3612,1063,915,851,952,68325,22225,14186,11691,20223,11943,62607,19096,13210,10889,19412,11071,5718,3129,976,802,811,872,62870,18730,13774,10942,19424,10951,58066,16242,12848,10303,18673,10216,4804,2488,926,639,751,735
Georgia,GA,2912,1106,779,450,577,417,2623,920,734,419,550,383,289,186,45,31,27,34,23708,8408,5033,2926,7341,4270,21551,7083,4691,2733,7044,3968,2157,1325,342,193,297,302,22495,7208,4952,2877,7458,4138,20603,6107,4628,2694,7174,3850,1892,1101,324,183,284,288,21329,6217,4761,2763,7588,4026,19663,5268,4491,2603,7301,3760,1666,949,270,160,287,266,20388,5397,4643,2691,7657,3863,18937,4594,4420,2562,7361,3622,1451,803,223,129,296,241,19262,4479,4585,2634,7564,3627,18037,3863,4386,2520,7268,3404,1225,616,199,114,296,223
Hawaii,HI,10276,4902,2198,1332,1844,1554,9040,4042,2014,1218,1766,1429,1236,860,184,114,78,125,4351,1472,677,798,1404,858,3645,1126,561,677,1281,739,706,346,116,121,123,119,4048,1255,661,771,1361,802,3437,961,559,662,1255,698,611,294,102,109,106,104,3876,1147,619,741,1369,782,3326,889,539,640,1258,685,550,258,80,101,111,97,3684,1011,579,722,1372,797,3184,790,502,632,1260,705,500,221,77,90,112,92,3405,855,554,709,1287,760,2981,673,482,637,1189,680,424,182,72,72,98,80
Idaho,ID,10047,4588,2539,1186,1734,1370,8997,3916,2337,1102,1642,1264,1050,672,202,84,92,106,7197,2477,2018,1230,1472,1307,6539,2129,1861,1151,1398,1207,658,348,157,79,74,100,6734,2165,1963,1197,1409,1222,6133,1855,1816,1115,1347,1124,601,310,147,82,62,98,6213,1862,1845,1160,1346,1128,5677,1601,1703,1081,1292,1043,536,261,142,79,54,85,5840,1618,1809,1124,1289,1075,5367,1397,1679,1052,1239,996,473,221,130,72,50,79,5311,1303,1726,1095,1187,987,4915,1131,1609,1038,1137,915,396,172,117,57,50,72
Illinois,IL,4635,1537,1032,606,1460,921,4211,1308,967,549,1387,840,424,229,65,57,73,81,19259,7284,4770,2525,4680,3679,17369,6179,4463,2325,4402,3347,1890,1105,307,200,278,332,18464,6484,4679,2622,4679,3626,16748,5542,4385,2425,4396,3317,1716,942,294,197,283,309,17935,5779,4776,2575,4805,3596,16398,4980,4493,2409,4516,3306,1537,799,283,166,289,290,17401,5048,4840,2545,4968,3591,16004,4360,4582,2390,4672,3314,1397,688,258,155,296,277,16796,4226,5090,2568,4912,3480,15568,3687,4840,2417,4624,3214,1228,539,250,151,288,266
Indiana,IN,11628,4951,2693,1518,2466,1853,10464,4229,2505,1392,2338,1704,1164,722,188,126,128,149,13109,5240,3448,1765,2656,2149,11896,4513,3192,1654,2537,1991,1213,727,256,111,119,158,12340,4546,3400,1816,2578,2070,11279,3926,3182,1702,2469,1926,1061,620,218,114,109,144,11625,3900,3477,1709,2539,1935,10682,3371,3270,1613,2428,1808,943,529,207,96,111,127,10862,3369,3370,1614,2509,1879,10035,2928,3180,1525,2402,1759,827,441,190,89,107,120,10187,2826,3282,1648,2431,1788,9475,2468,3113,1565,2329,1668,712,358,169,83,102,120
Iowa,IA,20626,9739,4756,2802,3329,2980,18469,8262,4444,2597,3166,2767,2157,1477,312,205,163,213,6003,2298,1907,967,831,896,5509,1982,1813,907,807,839,494,316,94,60,24,57,5679,2015,1923,940,801,872,5255,1756,1839,884,776,820,424,259,84,56,25,52,5453,1830,1917,905,801,858,5069,1614,1826,854,775,812,384,216,91,51,26,46,5286,1637,1942,909,798,850,4923,1434,1853,863,773,807,363,203,89,46,25,43,5090,1358,2046,927,759,825,4767,1196,1951,881,739,788,323,162,95,46,20,37
Kansas,KS,20882,7596,4904,3048,5334,3737,18887,6474,4534,2803,5076,3448,1995,1122,370,245,258,289,8095,2968,2452,1299,1376,1379,7425,2548,2308,1242,1327,1299,670,420,144,57,49,80,7712,2690,2415,1253,1354,1390,7096,2311,2285,1196,1304,1313,616,379,130,57,50,77,7399,2408,2412,1234,1345,1366,6841,2068,2301,1173,1299,1290,558,340,111,61,46,76,7159,2102,2456,1225,1376,1368,6639,1815,2330,1167,1327,1288,520,287,126,58,49,80,7044,1790,2622,1264,1368,1385,6572,1561,2485,1209,1317,1304,472,229,137,55,51,81
Kentucky,KY,19542,7810,4578,2601,4553,3279,17670,6652,4259,2406,4353,3044,1872,1158,319,195,200,235,8001,2973,1762,1054,2212,1333,7284,2539,1652,978,2115,1247,717,434,110,76,97,86,7449,2598,1702,987,2162,1262,6819,2225,1594,932,2068,1188,630,373,108,55,94,74,6979,2230,1667,919,2163,1213,6425,1913,1575,865,2072,1145,554,317,92,54,91,68,6588,1908,1602,895,2183,1167,6094,1645,1516,837,2096,1107,494,263,86,58,87,60,6180,1543,1641,856,2140,1083,5764,1330,1555,816,2063,1033,416,213,86,40,77,50
Louisiana,LA,1297,601,287,172,237,168,1154,501,270,159,224,156,143,100,17,13,13,12,6486,2677,1536,1109,1164,965,5961,2314,1458,1057,1132,911,525,363,78,52,32,54,6147,2352,1546,1098,1151,963,5688,2045,1474,1049,1120,910,459,307,72,49,31,53,5975,2113,1590,1098,1174,944,5563,1851,1510,1059,1143,898,412,262,80,39,31,46,5772,1852,1606,1116,1198,943,5413,1630,1533,1084,1166,907,359,222,73,32,32,36,5465,1521,1626,1121,1197,907,5156,1340,1561,1086,1169,870,309,181,65,35,28,37
Maine,ME,1650,667,457,275,251,253,1437,536,412,263,226,232,213,131,45,12,25,21,2823,1006,811,443,563,403,2560,839,767,418,536,372,263,167,44,25,27,31,2697,894,768,479,556,411,2463,743,733,456,531,384,234,151,35,23,25,27,2611,816,779,477,539,409,2404,685,748,457,514,382,207,131,31,20,25,27,2540,726,804,476,534,406,2349,613,773,454,509,379,191,113,31,22,25,27,2444,589,852,470,533,395,2264,497,812,449,506,367,180,92,40,21,27,28
Maryland,MD,18746,7365,4066,2689,4626,3254,16776,6129,3770,2512,4365,2994,1970,1236,296,177,261,260,9728,4425,2228,1308,1767,1473,8631,3670,2059,1202,1700,1367,1097,755,169,106,67,106,9284,3993,2208,1321,1762,1453,8289,3309,2063,1217,1700,1345,995,684,145,104,62,108,8843,3538,2204,1331,1770,1420,7954,2961,2056,1237,1700,1315,889,577,148,94,70,105,8577,3247,2199,1321,1810,1421,7740,2720,2046,1237,1737,1322,837,527,153,84,73,99,8248,2887,2235,1272,1854,1399,7489,2418,2100,1189,1782,1308,759,469,135,83,72,91
Massachusetts,MA,2329,1095,571,323,340,330,2093,932,534,302,325,307,236,163,37,21,15,23,9439,4108,2534,1136,1661,1290,8540,3545,2368,1052,1575,1188,899,563,166,84,86,102,8894,3634,2518,1148,1594,1272,8094,3154,2355,1071,1514,1174,800,480,163,77,80,98,8605,3251,2526,1215,1613,1255,7877,2845,2365,1135,1532,1162,728,406,161,80,81,93,8248,2806,2630,1203,1609,1202,7579,2458,2466,1129,1526,1113,669,348,164,74,83,89,7968,2371,2730,1220,1647,1198,7361,2091,2568,1142,1560,1112,607,280,162,78,87,86
Michigan,MI,20584,8232,4826,2702,4824,3845,18432,6946,4472,2484,4530,3492,2152,1286,354,218,294,353,16676,6066,4601,2391,3618,2943,15143,5214,4259,2222,3448,2721,1533,852,342,169,170,222,15921,5465,4519,2360,3577,2850,14526,4702,4211,2201,3412,2635,1395,763,308,159,165,215,15192,4755,4509,2353,3575,2786,13956,4118,4225,2201,3412,2581,1236,637,284,152,163,205,14651,4239,4572,2278,3562,2701,13512,3677,4296,2147,3392,2507,1139,562,276,131,170,194,14034,3545,4757,2248,3484,2606,13036,3097,4498,2117,3324,2433,998,448,259,131,160,173
Minnesota,MN,14218,6049,3583,1839,2747,2240,12799,5159,3320,1701,2619,2070,1419,890,263,138,128,170,15085,4804,4106,2345,3830,3102,13607,4024,3816,2151,3616,2810,1478,780,290,194,214,292,14519,4296,4104,2262,3857,3012,13174,3615,3838,2070,3651,2739,1345,681,266,192,206,273,13880,3781,3987,2194,3918,2903,12692,3216,3737,2034,3705,2650,1188,565,250,160,213,253,13239,3274,3930,2073,3962,2763,12193,2809,3693,1935,3756,2532,1046,465,237,138,206,231,12780,2805,3975,2073,3927,2714,11846,2417,3749,1954,3726,2483,934,388,226,119,201,231
Mississippi,MS,17505,6691,4605,2421,3788,3088,15812,5729,4258,2232,3593,2840,1693,962,347,189,195,248,5182,2210,1139,824,1009,729,4748,1897,1089,789,973,688,434,313,50,35,36,41,4917,2039,1093,799,986,685,4537,1770,1047,763,957,653,380,269,46,36,29,32,4812,1905,1100,833,974,657,4460,1663,1052,800,945,628,352,242,48,33,29,29,4673,1700,1123,867,983,658,4358,1498,1075,830,955,626,315,202,48,37,28,32,4420,1432,1148,860,980,654,4140,1268,1098,821,953,620,280,164,50,39,27,34
Missouri,MO,15912,5418,4089,2471,3934,3252,14229,4499,3758,2253,3719,2952,1683,919,331,218,215,300,11572,4627,3024,1767,2154,1803,10517,3943,2836,1655,2083,1689,1055,684,188,112,71,114,10968,4108,2975,1703,2182,1737,10043,3531,2793,1611,2108,1634,925,577,182,92,74,103,10399,3587,2929,1675,2208,1705,9554,3078,2759,1588,2129,1601,845,509,170,87,79,104,9906,3061,2983,1654,2208,1647,9164,2646,2815,1578,2125,1555,742,415,168,76,83,92,9565,2606,3111,1657,2191,1631,8922,2281,2948,1575,2118,1548,643,325,163,82,73,83
Montana,MT,4021,1818,1009,871,323,608,3604,1552,941,807,304,548,417,266,68,64,19,60,4943,1784,1388,961,810,831,4381,1455,1270,883,773,754,562,329,118,78,37,77,4661,1549,1386,932,794,813,4167,1277,1272,857,761,741,494,272,114,75,33,72,4417,1386,1348,921,762,764,3979,1157,1235,856,731,704,438,229,113,65,31,60,4156,1186,1328,898,744,738,3758,980,1216,847,715,684,398,206,112,51,29,54,3947,991,1370,896,690,701,3598,824,1267,846,661,650,349,167,103,50,29,51
Nebraska,NE,19673,7875,5059,2652,4087,3370,17755,6672,4705,2469,3909,3096,1918,1203,354,183,178,274,4337,1740,1220,703,674,639,4008,1514,1164,672,658,602,329,226,56,31,16,37,4115,1556,1224,681,654,604,3817,1351,1170,653,643,576,298,205,54,28,11,28,3928,1384,1231,658,655,594,3662,1201,1185,633,643,565,266,183,46,25,12,29,3747,1207,1234,647,659,569,3517,1052,1190,629,646,543,230,155,44,18,13,26,3623,1037,1288,637,661,530,3413,906,1244,620,643,505,210,131,44,17,18,25
Nevada,NV,2947,1082,780,564,521,542,2630,888,727,527,488,503,317,194,53,37,33,39,9668,3106,1997,1471,3094,1862,8634,2547,1819,1329,2939,1694,1034,559,178,142,155,168,9182,2697,1936,1443,3106,1768,8280,2230,1772,1318,2960,1621,902,467,164,125,146,147,8720,2304,1863,1442,3111,1773,7916,1910,1711,1334,2961,1628,804,394,152,108,150,145,8266,1974,1760,1446,3086,1774,7544,1645,1629,1332,2938,1626,722,329,131,114,148,148,7748,1578,1760,1462,2948,1682,7100,1318,1626,1345,2811,1548,648,260,134,117,137,134
New_Hampshire,NH,12097,4826,3357,1526,2388,1943,10829,4042,3108,1423,2256,1791,1268,784,249,103,132,152,4387,1322,1046,600,1419,882,3999,1114,984,547,1354,810,388,208,62,53,65,72,4179,1113,1021,590,1455,860,3832,938,958,545,1391,790,347,175,63,45,64,70,3991,964,988,570,1469,814,3684,817,935,529,1403,748,307,147,53,41,66,66,3913,858,1003,575,1477,796,3627,733,950,529,1415,734,286,125,53,46,62,62,3751,735,990,583,1443,786,3492,626,943,539,1384,725,259,109,47,44,59,61
New_Jersey,NJ,24713,8507,5293,3537,7376,4881,21740,6957,4790,3205,6788,4360,2973,1550,503,332,588,521,10696,4342,2574,1428,2352,1724,9700,3735,2412,1326,2227,1587,996,607,162,102,125,137,9975,3810,2516,1368,2281,1688,9107,3291,2374,1268,2174,1565,868,519,142,100,107,123,9521,3358,2437,1354,2372,1691,8750,2913,2314,1262,2261,1575,771,445,123,92,111,116,9241,2977,2494,1363,2407,1661,8546,2610,2369,1277,2290,1552,695,367,125,86,117,109,8846,2515,2579,1360,2392,1612,8232,2208,2466,1281,2277,1512,614,307,113,79,115,100
New_Mexico,NM,7805,2917,2061,1266,1561,1421,7045,2482,1897,1186,1480,1308,760,435,164,80,81,113,4933,1898,1427,964,644,582,4319,1578,1269,854,618,541,614,320,158,110,26,41,4735,1705,1446,955,629,584,4171,1427,1286,849,609,542,564,278,160,106,20,42,4553,1490,1453,968,642,604,4019,1244,1285,868,622,567,534,246,168,100,20,37,4408,1302,1470,973,663,596,3902,1077,1314,871,640,558,506,225,156,102,23,38,4344,1192,1463,1018,671,611,3874,995,1312,915,652,574,470,197,151,103,19,37
New_York,NY,5265,2021,1422,964,858,865,4662,1668,1290,888,816,792,603,353,132,76,42,73,19394,8690,4793,2679,3232,2875,17475,7400,4499,2493,3083,2682,1919,1290,294,186,149,193,18491,7862,4826,2679,3124,2809,16741,6708,4550,2498,2985,2631,1750,1154,276,181,139,178,17673,7024,4791,2658,3200,2781,16105,6033,4512,2498,3062,2615,1568,991,279,160,138,166,17006,6221,4888,2654,3243,2726,15572,5338,4608,2522,3104,2581,1434,883,280,132,139,145,16379,5387,5119,2693,3180,2697,15083,4642,4829,2566,3046,2557,1296,745,290,127,134,140
North_Carolina,NC,11865,4566,3391,2223,1685,1977,10493,3823,3092,2008,1570,1753,1372,743,299,215,115,224,19459,6784,4726,2829,5120,3488,17755,5809,4416,2639,4891,3255,1704,975,310,190,229,233,18290,6075,4584,2701,4930,3320,16788,5219,4316,2528,4725,3109,1502,856,268,173,205,211,17208,5206,4512,2664,4826,3131,15919,4499,4275,2509,4636,2932,1289,707,237,155,190,199,16239,4464,4436,2493,4846,2973,15108,3874,4205,2368,4661,2791,1131,590,231,125,185,182,15322,3720,4438,2453,4711,2819,14347,3262,4225,2333,4527,2648,975,458,213,120,184,171
North_Dakota,ND,13585,4998,2953,2317,3317,2704,12352,4324,2737,2137,3154,2471,1233,674,216,180,163,233,4039,1737,1035,957,310,570,3641,1486,954,908,293,529,398,251,81,49,17,41,3935,1573,1110,958,294,576,3573,1349,1026,919,279,536,362,224,84,39,15,40,3767,1464,1059,957,287,519,3451,1260,997,923,271,485,316,204,62,34,16,34,3687,1292,1092,1003,300,496,3441,1138,1039,981,283,462,246,154,53,22,17,34,3588,1156,1054,1080,298,468,3370,1025,1010,1054,281,433,218,131,44,26,17,35
Ohio,OH,26817,10335,6097,3521,6864,4655,23601,8496,5566,3161,6378,4157,3216,1839,531,360,486,498,18470,7011,4953,2519,3987,3224,16831,6006,4645,2355,3825,2985,1639,1005,308,164,162,239,17575,6282,4885,2470,3938,3124,16131,5447,4596,2308,3780,2897,1444,835,289,162,158,227,16743,5474,4877,2408,3984,3067,15443,4760,4593,2265,3825,2854,1300,714,284,143,159,213,15980,4700,4891,2386,4003,3033,14815,4100,4617,2255,3843,2826,1165,600,274,131,160,207,15546,3962,5177,2354,4053,3008,14492,3459,4909,2226,3898,2813,1054,503,268,128,155,195
Oklahoma,OK,2532,1069,722,374,367,374,2270,907,674,343,346,354,262,162,48,31,21,20,10240,4486,2485,1553,1716,1477,9281,3816,2331,1467,1667,1386,959,670,154,86,49,91,9715,4077,2434,1584,1620,1455,8858,3491,2286,1509,1572,1370,857,586,148,75,48,85,9404,3714,2431,1617,1642,1452,8621,3184,2297,1544,1596,1374,783,530,134,73,46,78,8954,3245,2468,1608,1633,1415,8246,2799,2332,1528,1587,1335,708,446,136,80,46,80,8537,2709,2629,1594,1605,1376,7914,2342,2485,1522,1565,1302,623,367,144,72,40,74
Oregon,OR,10176,4214,2285,2017,1660,1796,9262,3606,2120,1933,1603,1715,914,608,165,84,57,81,11338,4123,3330,2243,1642,1893,10141,3493,3067,2047,1534,1698,1197,630,263,196,108,195,10755,3604,3316,2196,1639,1844,9654,3051,3061,2011,1531,1658,1101,553,255,185,108,186,10277,3221,3239,2167,1650,1814,9292,2741,2997,1999,1555,1646,985,480,242,168,95,168,9885,2876,3224,2116,1669,1728,9003,2470,3000,1957,1576,1586,882,406,224,159,93,142,9497,2523,3261,2067,1646,1726,8716,2200,3038,1921,1557,1586,781,323,223,146,89,140
Pennsylvania,PA,84942,33038,15507,13212,23185,14760,75851,27662,14142,11967,22080,13445,9091,5376,1365,1245,1105,1315,18412,6942,4515,2532,4423,3122,16792,5945,4237,2357,4253,2920,1620,997,278,175,170,202,17518,6232,4438,2461,4387,3053,16069,5370,4182,2303,4214,2858,1449,862,256,158,173,195,16788,5417,4460,2421,4490,3016,15504,4705,4211,2273,4315,2840,1284,712,249,148,175,176,16165,4757,4530,2420,4458,2937,14992,4135,4295,2275,4287,2770,1173,622,235,145,171,167,15500,4019,4681,2435,4365,2848,14464,3516,4450,2303,4195,2685,1036,503,231,132,170,163
Rhode_Island,RI,25686,9727,5194,3063,7702,4540,23168,8164,4800,2832,7372,4207,2518,1563,394,231,330,333,1194,514,296,155,229,156,1080,436,282,144,218,146,114,78,14,11,11,10,1137,450,303,147,237,161,1031,377,293,137,224,149,106,73,10,10,13,12,1064,389,277,156,242,158,973,328,266,148,231,151,91,61,11,8,11,7,1002,336,288,143,235,154,913,282,273,135,223,147,89,54,15,8,12,7,966,284,292,148,242,146,880,234,278,139,229,137,86,50,14,9,13,9
South_Carolina,SC,10911,4098,2610,1492,2711,1732,9841,3423,2415,1395,2608,1606,1070,675,195,97,103,126,9921,3510,2459,1406,2546,1583,8997,2944,2286,1313,2454,1474,924,566,173,93,92,109,9133,3028,2316,1297,2492,1522,8345,2546,2169,1223,2407,1419,788,482,147,74,85,103,8362,2496,2199,1235,2432,1434,7714,2105,2083,1175,2351,1342,648,391,116,60,81,92,7697,2086,2087,1181,2343,1323,7176,1786,1992,1129,2269,1238,521,300,95,52,74,85,7096,1690,2031,1143,2232,1211,6656,1447,1951,1097,2161,1137,440,243,80,46,71,74
South_Dakota,SD,7265,3280,1755,1176,1054,923,6634,2831,1649,1128,1026,875,631,449,106,48,28,48,2757,943,781,538,495,508,2496,790,735,504,467,473,261,153,46,34,28,35,2629,875,758,514,482,475,2403,740,719,486,458,447,226,135,39,28,24,28,2519,755,797,500,467,446,2306,632,754,476,444,423,213,123,43,24,23,23,2363,640,774,495,454,441,2177,538,730,475,434,416,186,102,44,20,20,25,2335,562,790,524,459,442,2163,469,757,499,438,414,172,93,33,25,21,28
Tennessee,TN,6897,2986,1607,1124,1180,977,6285,2559,1509,1071,1146,920,612,427,98,53,34,57,17584,6364,3743,2536,4941,3180,16004,5400,3488,2385,4731,2988,1580,964,255,151,210,192,16278,5453,3597,2390,4838,3038,14897,4644,3373,2251,4629,2834,1381,809,224,139,209,204,15101,4640,3453,2231,4777,2836,13895,3965,3261,2096,4573,2641,1206,675,192,135,204,195,13955,3827,3294,2131,4703,2671,12947,3295,3135,2009,4508,2505,1008,532,159,122,195,166,12810,3125,3213,1954,4518,2410,11966,2719,3044,1862,4341,2272,844,406,169,92,177,138
Texas,TX,5514,2470,1178,828,1038,731,5010,2098,1121,793,998,685,504,372,57,35,40,46,67173,25104,14136,9510,18423,11645,61253,21559,13174,8810,17710,10756,5920,3545,962,700,713,889,63083,21820,13759,9421,18083,11182,57906,18823,12868,8784,17431,10375,5177,2997,891,637,652,807,60086,19204,13681,9252,17949,10698,55533,16633,12843,8724,17333,9994,4553,2571,838,528,616,704,57247,16928,13541,8836,17942,10092,53223,14714,12790,8384,17335,9479,4024,2214,751,452,607,613,54040,14168,13673,8710,17489,9467,50570,12396,12960,8291,16923,8920,3470,1772,713,419,566,547
Utah,UT,5144,2113,1396,971,664,596,4478,1744,1230,869,635,553,666,369,166,102,29,43,12346,4346,2777,2112,3111,2480,11262,3777,2554,1960,2971,2279,1084,569,223,152,140,201,11616,3878,2658,2080,3000,2337,10648,3370,2458,1949,2871,2165,968,508,200,131,129,172,10836,3441,2542,1999,2854,2165,9990,2989,2382,1881,2738,2019,846,452,160,118,116,146,9976,3038,2455,1701,2782,1993,9261,2668,2313,1604,2676,1866,715,370,142,97,106,127,9055,2483,2295,1571,2706,1856,8460,2197,2173,1485,2605,1755,595,286,122,86,101,101
Vermont,VT,10914,4935,2568,1665,1746,1568,9811,4164,2393,1557,1697,1464,1103,771,175,108,49,104,1551,613,431,275,232,243,1366,497,394,264,211,225,185,116,37,11,21,18,1450,521,419,278,232,233,1288,429,384,265,210,214,162,92,35,13,22,19,1325,406,419,261,239,223,1185,336,383,249,217,204,140,70,36,12,22,19,1283,364,432,248,239,198,1161,309,396,237,219,183,122,55,36,11,20,15,1248,306,451,255,236,193,1143,264,415,246,218,179,105,42,36,9,18,14
Virginia,VA,72720,28853,14687,9805,19375,12434,65774,24650,13574,8990,18560,11428,6946,4203,1113,815,815,1006,17677,6559,3974,2682,4462,3172,15927,5507,3714,2485,4221,2915,1750,1052,260,197,241,257,16643,5771,3866,2657,4349,3115,15083,4869,3625,2468,4121,2868,1560,902,241,189,228,247,15954,5128,3737,2628,4461,3080,14554,4361,3518,2442,4233,2852,1400,767,219,186,228,228,15385,4451,3722,2624,4588,3046,14122,3819,3493,2450,4360,2821,1263,632,229,174,228,225,14602,3792,3777,2560,4473,2894,13484,3254,3560,2398,4272,2682,1118,538,217,162,201,212
Washington,WA,28415,10961,5647,5482,6325,5510,25424,9336,5124,4961,6003,4961,2991,1625,523,521,322,549,25238,9079,6039,3433,6687,4483,22438,7508,5565,3131,6234,4042,2800,1571,474,302,453,441,24113,7969,6029,3409,6706,4401,21625,6665,5545,3131,6284,3985,2488,1304,484,278,422,416,23158,7135,5963,3363,6697,4342,20882,5977,5526,3108,6271,3944,2276,1158,437,255,426,398,22151,6211,5905,3317,6718,4223,20089,5223,5495,3076,6295,3842,2062,988,410,241,423,381,20873,5045,5985,3288,6555,4037,19079,4263,5605,3057,6154,3685,1794,782,380,231,401,352
West_Virginia,WV,74889,31519,19877,11074,12419,10790,66334,26351,18292,10077,11614,9680,8555,5168,1585,997,805,1110,2167,978,548,300,341,318,1959,836,519,280,324,294,208,142,29,20,17,24,2001,859,539,282,321,291,1813,731,515,262,305,267,188,128,24,20,16,24,1897,747,550,280,320,281,1728,635,528,263,302,257,169,112,22,17,18,24,1827,643,555,301,328,296,1682,554,537,283,308,269,145,89,18,18,20,27,1771,563,568,319,321,289,1649,488,550,306,305,269,122,75,18,13,16,20
Wisconsin,WI,4722,1688,679,850,1505,956,3913,1276,557,714,1366,803,809,412,122,136,139,153,11286,4233,3308,1462,2283,1871,10181,3555,3098,1368,2160,1727,1105,678,210,94,123,144,10623,3687,3249,1424,2263,1818,9656,3124,3041,1338,2153,1677,967,563,208,86,110,141,10120,3196,3254,1393,2277,1761,9253,2721,3044,1312,2176,1634,867,475,210,81,101,127,9658,2807,3251,1363,2237,1714,8873,2399,3049,1287,2138,1595,785,408,202,76,99,119,9319,2362,3405,1346,2206,1650,8613,2021,3201,1272,2119,1542,706,341,204,74,87,108
Wyoming,WY,10390,3572,2076,1535,3207,1957,9229,2938,1877,1374,3040,1771,1161,634,199,161,167,186,2368,927,709,373,359,360,2149,795,667,345,342,339,219,132,42,28,17,21,2252,816,703,368,365,346,2048,694,661,341,352,328,204,122,42,27,13,18,2108,712,697,339,360,336,1924,607,660,312,345,319,184,105,37,27,15,17,1987,622,681,334,350,315,1827,539,643,312,333,300,160,83,38,22,17,15,1885,511,705,336,333,295,1739,440,668,312,319,281,146,71,37,24,14,14
